maximumOperatingTime,currentOperatingTime,age,numberTo,wear
83676,4606,2,3,6.004565227783355
29914,28945,13,27,96.26071404693455
92440,55819,20,34,63.38403288619645
57675,56988,25,65,91.30884265279583
39784,943,0,0,2.370299617936859
38193,22908,9,26,55.97957740947294
15574,9959,3,6,63.94632079106202
92455,65719,28,40,79.08214807203505
24101,13978,7,18,55.997593460852244
57997,27381,12,12,53.21106264117109
76551,24017,10,7,37.87385533827122
32258,28874,14,30,88.50957901915804
71764,6660,3,3,10.780419151663788
78678,40504,16,8,63.480718879483476
74785,30353,11,29,37.08701611285686
92590,68152,26,33,83.10622097418728
10090,7702,3,8,75.33300297324082
49715,8662,4,4,19.423312883435585
64125,11608,5,12,17.10214424951267
86671,15793,8,22,15.221781218631374
19541,18025,7,15,91.74195281715367
68932,6294,3,2,11.130737538443682
42433,25631,13,35,55.903459571559864
80419,28954,11,6,44.0039294196645
31981,25619,9,12,83.10693849473125
3058,2850,1,2,93.19816873773709
66916,34467,13,25,52.007860601350956
72632,12482,5,6,19.185262694129307
88450,81194,32,73,87.29649519502544
21665,10578,4,4,50.82529425340411
40376,35047,17,11,98.3015652863087
88166,82667,37,104,78.7629017988794
86509,9040,3,9,8.949779791697972
73573,47413,18,16,74.44347790629715
77574,61782,28,18,98.64266377910124
42320,30860,15,17,79.42060491493383
98829,93457,46,108,86.56434852118306
88562,73269,27,59,80.23187145728416
30714,19019,8,7,66.42290160838706
1883,287,0,0,15.241635687732343
6099,4487,2,3,74.06943761272339
6555,4274,1,2,65.20213577421816
67305,46327,22,27,77.33143897184459
86214,35530,14,26,42.211404180295546
75775,71749,25,21,109.18690201253712
27451,27289,10,23,97.90985756438745
61172,15793,7,9,28.317367423003986
32819,11850,5,5,38.60713306316463
42580,13931,6,13,32.21723813997182
17174,13756,5,12,79.09782228950739
57352,32441,16,34,55.56472311340494
6787,3517,1,1,52.31965522322086
59374,14154,6,6,26.838717283659513
16366,7707,3,4,48.09153122326775
88809,28899,10,19,33.04062088301861
72969,20100,9,17,28.045944168071372
83101,28156,11,6,41.881662073861925
14833,12543,5,3,88.06145081911953
54147,37522,14,29,68.79654459157479
91579,80846,37,105,72.78006420685965
13886,10126,4,5,74.42236785251332
21199,2311,1,3,10.40145761592528
14842,7631,3,8,50.41490365179895
7316,1133,0,0,15.486604702022964
72917,54315,24,41,77.9888023369036
66989,29058,13,34,39.377270895221606
41942,22274,11,9,59.606671117257164
80701,11120,4,12,11.779259240901602
16666,879,0,0,5.274210968438737
48529,33850,12,21,71.25210698757444
23125,1943,1,2,8.402162162162162
39043,16705,8,22,39.78615885049817
45552,6565,3,8,13.412100456621005
71790,39350,14,13,62.312648001114354
73265,49078,21,14,80.98696512659524
79639,75717,35,80,90.07527718831227
24303,12382,4,4,52.94844257910546
56145,1923,1,3,2.925060112209458
23921,12772,5,4,56.39241670498725
51331,5881,3,2,13.457014279869865
42774,26388,11,8,68.69168186281385
88482,50043,17,37,55.057265884586684
13149,6425,2,5,48.36303140923264
61718,24028,10,14,41.93191613467708
19459,16309,6,7,86.3121177861144
7833,4976,2,4,63.52610749393591
55679,44300,17,22,85.56321054616642
84147,56001,19,22,74.55139220649578
1130,642,0,0,56.81415929203539
56908,19620,7,5,38.97669923385113
53585,14522,5,9,27.60086778016236
9722,6964,3,7,71.13135157375025
63934,56771,23,37,93.29625864172428
24639,17795,9,21,70.72289865660133
63588,20711,9,10,36.570610807070516
66353,6041,2,4,9.104335900411437
3146,2290,1,3,72.29084551811825
28010,9390,4,9,33.023741520885395
40066,30335,10,12,79.71257425248339
36492,19818,8,10,57.30779348898388
69479,32753,14,40,41.14086270671714
51764,14238,5,9,28.005602349122938
97760,32851,16,46,26.60372340425532
54396,17125,6,15,29.98209427163762
37482,24473,11,29,61.79267381676539
44680,37041,16,15,91.40286481647269
67685,63662,29,67,89.55629016768856
84182,46426,17,16,64.14955691240408
68321,53487,23,51,75.78778852768548
42442,36206,14,36,81.30700720983931
62923,12569,5,3,23.475207793652558
16157,2864,1,2,17.7260630067463
48604,37929,14,16,84.03678709571228
96048,515,0,0,0.5361902382142262
21906,11849,5,14,52.09020359718799
44630,3432,2,2,8.689894689670625
20042,525,0,0,2.6194990519908194
24718,6837,3,3,29.160004854761713
21614,8646,3,2,42.00185065235496
21165,8614,3,7,40.199267658870774
60037,24401,10,26,37.643269983510166
41357,36847,17,21,95.59495369586769
57165,46936,21,25,90.60618385375668
40056,24600,9,14,63.41402037147992
65009,47718,20,10,88.40214431847897
20343,8965,4,3,46.56921299709974
83036,25139,10,22,29.274820559757217
60568,11408,5,9,19.33502839783384
18333,7858,3,2,44.862597501772754
63997,46114,22,52,68.05650264856165
8414,1199,0,0,14.250059424768244
28253,6392,2,4,22.624146108377875
89011,72318,33,58,85.24613811776072
34893,5469,2,3,16.17363081420342
49515,39594,16,28,81.96364737958194
46640,25327,9,17,54.80317324185249
82004,62776,28,70,69.55236329935126
55301,25662,9,12,49.40422415507857
3916,502,0,0,12.819203268641472
74912,163,0,0,0.21758863733447245
66124,40494,20,31,65.73948944407476
77351,4113,1,3,4.817319750229474
81223,54031,26,48,68.52179801287812
6807,3353,1,2,49.25811664463053
14806,3232,1,2,21.828988248007565
26680,26392,13,19,102.42053973013493
57322,4646,2,3,8.605090541153483
5119,2758,1,1,54.377710490330145
23878,7634,3,9,30.470851830136525
11357,4689,2,4,41.28731179008541
16292,2798,1,2,17.174073164743433
14674,6681,2,2,46.52950797328608
6149,1834,1,3,29.32598796552285
49600,10580,4,10,20.330645161290324
92761,50172,18,14,65.08738586259312
79528,78859,28,56,99.15878684236999
26161,18400,8,5,75.8337028401055
94193,91776,36,19,123.9339919102269
55097,42823,19,31,81.222925023141
12963,8319,3,6,64.17495950011572
86693,38021,13,32,40.85705881674414
82890,59693,25,46,74.01471830136326
11066,7075,3,8,62.93457437195012
53852,9432,3,5,18.014669835846394
91177,1525,1,3,1.1725709334590961
54805,2621,1,3,4.282410364017882
87204,10768,4,11,10.848057428558324
48418,47424,20,36,99.94704448758726
94697,5816,2,1,7.64169403465791
8979,934,0,0,10.40204922597171
85041,29884,10,23,33.6406968403476
44823,41665,16,32,92.95450996140374
50380,5307,2,2,11.533942040492258
71289,53748,21,58,67.39452089382654
45330,36826,16,26,84.23979704390028
1723,1112,1,2,64.53859547301218
77004,50267,20,44,63.27842709469638
5850,3107,2,1,54.611111111111114
10589,5042,2,5,47.11544999527812
33009,816,0,0,2.4720530764337
86522,64160,26,48,76.15455028778807
88231,52669,21,41,60.194438462671854
10728,2636,1,1,25.071215510812827
70912,934,0,0,1.317125451263538
28416,11147,4,12,37.22789977477477
1261,739,0,0,58.60428231562253
39989,6167,3,4,16.42174097876916
51778,16367,8,16,31.609950171887675
19862,9339,3,7,46.519434095257274
84582,54760,23,61,57.2419072615923
73986,24754,11,8,40.4576811829265
41196,12300,4,9,29.3572676958928
70339,13434,5,3,22.598935156883094
32403,11988,5,5,39.49657439126007
86389,47987,20,16,67.54758128928452
1414,46,0,0,3.253182461103253
91972,2458,1,3,2.172552515983125
31772,26133,9,26,78.25166813546518
83614,3584,2,5,3.786363527638912
72305,9545,4,7,13.701023442362217
4916,538,0,0,10.94385679414158
58009,36368,14,22,65.6937199400093
53324,44670,19,48,78.77090990923412
94367,23004,10,22,23.377165746500367
97811,70287,26,59,68.3600157446504
80290,60117,28,15,95.37482874579649
34706,16909,7,7,52.220682302771856
93870,73488,27,40,85.28699264940876
24588,6143,3,2,26.983731901740686
5493,5325,2,2,97.94156198798471
5062,2032,1,2,40.142236270248915
47644,461,0,0,0.9675929812778105
91378,46003,19,47,45.843627568999096
99204,81908,32,26,101.56521914438935
98366,69645,24,41,74.30190309659842
25722,7851,3,4,31.52250991369256
47416,34641,13,33,69.55761768179516
56923,15264,5,4,29.815171371853204
29923,27634,13,22,94.35036593924406
63869,47127,17,31,75.28697020463761
36245,33163,12,30,88.49675817354118
43621,5203,2,3,12.427741225556499
53819,40398,17,39,72.56271019528418
63042,25797,10,25,38.42033882173789
15121,12981,5,9,86.34749685867337
85607,79027,33,43,103.81371266368404
80654,17677,8,13,23.417077888263446
21128,14201,7,18,65.21412343809163
7415,5849,2,3,79.3806473364801
53049,46089,20,40,86.88005428943052
61390,982,0,0,1.59960905684965
8884,2757,1,2,31.033318325078795
87866,27377,10,8,37.15767190949856
42532,13767,6,16,30.36856954763472
23908,1615,1,1,7.255061067425129
99373,54867,25,68,46.21318668048664
8471,7514,3,5,89.20263251091961
21254,17465,6,8,84.17276747906277
11587,5920,2,2,52.091740743937166
54237,53217,26,60,94.11936500912661
79627,43226,20,59,44.78560664096349
75510,8200,4,11,9.359488809429214
43866,38020,15,39,82.1730497423973
46973,44255,16,20,100.2136972303238
35277,21644,10,21,60.85442356209428
87682,35050,15,8,50.973996943500374
55665,12081,5,14,19.70304500134735
14023,13987,6,10,100.74327889895173
50516,39494,19,27,83.68117032227413
4488,3243,1,2,72.25935828877004
42393,38146,17,25,94.48183662397093
63394,47255,23,39,78.04175474019623
67700,55280,22,57,75.15435745937961
16742,7733,3,4,47.189224704336404
3000,1229,1,1,41.46666666666667
49128,14653,5,5,32.32616837648592
8953,6619,3,5,74.43052608064336
78031,66189,30,20,104.82398021299228
90188,33965,16,27,40.160220871956355
18795,2542,1,1,14.02487363660548
96525,42374,19,42,41.8995078995079
61234,29233,14,25,49.23981774830976
34888,32126,13,26,92.08323778949783
85409,22210,9,9,30.504285262677236
12353,277,0,0,2.2423702744272647
80142,62973,23,50,76.5767762222056
20911,12799,6,11,61.70702022858782
75957,1012,0,0,1.3323327672235605
99410,26326,12,23,26.98224524695705
71690,41801,18,50,51.30799274654764
82369,56965,26,43,73.65829984581578
63657,7763,4,2,15.195045321017325
67762,25097,10,18,38.036982379504735
34176,22059,9,26,60.545294943820224
76182,7897,3,8,9.365965713685647
96425,72558,33,96,60.24812030075188
76121,8325,3,3,12.436535253083905
51002,378,0,0,0.7411474059840791
58291,2543,1,2,4.362594568629806
11142,7462,4,2,69.9718183450009
22974,7934,4,10,33.534691390267255
51495,42906,15,44,76.32071074861636
63315,40858,17,37,63.0313116954908
6111,4242,2,4,69.41580756013745
15993,279,0,0,1.7445132245357342
99751,80779,31,36,93.98064179807722
70593,46675,22,61,57.61845367104388
26413,11162,5,11,41.75949343126491
2932,1252,1,3,42.201227830832195
26065,11500,5,12,43.12046806061769
97073,38441,17,50,31.600094774036037
80811,33851,11,20,42.88909925628936
53433,48842,23,53,87.90793142814366
47311,19632,10,9,46.99563526452622
50137,47044,20,21,103.3309033248898
27794,16416,7,11,60.56310714542707
47736,44783,18,16,103.81389307859895
43462,42680,15,22,102.2007270719249
11107,4169,2,1,39.03488790852616
17964,13038,5,9,73.07849031396127
49378,22148,9,23,42.353983555429544
25182,9909,4,12,37.349535382416015
15564,13402,6,12,86.10896941660242
47889,18865,7,5,43.89318006222724
84611,43924,19,26,57.91287184881398
73963,13671,5,7,19.983566107378014
24918,17603,8,6,75.64371137330444
18926,4654,2,2,25.59051040896122
98133,11785,4,2,15.009211987812456
8693,3354,1,2,38.58276774416197
24053,15551,7,19,62.153057830624036
78774,53433,25,41,72.33075634092467
45254,17454,6,5,42.068966279223936
88204,57110,20,29,70.24763049294816
8339,5665,3,7,67.43380501259144
29937,28724,14,33,93.44815779804256
52430,43513,18,16,92.99256151058555
63827,52759,22,17,96.15937612609085
28286,12347,4,3,46.15056918616983
1409,557,0,0,39.53158268275373
65069,19188,7,18,27.488696614363214
92395,26063,11,29,24.708236376427294
86864,85152,30,64,96.02910296555535
84971,68661,29,40,89.80521589718845
26018,10869,4,3,44.27492505188715
96220,78493,35,77,78.07659530243193
49141,45697,18,36,92.99159561262489
17096,9886,4,9,57.32639213851193
94707,58902,25,45,64.69392441952547
51304,24953,11,25,47.137533135817876
56500,15054,5,5,29.14424778761062
98190,29438,12,32,25.980649760668094
46133,30421,15,28,66.94195044761884
79840,12990,4,9,15.77004008016032
1901,434,0,0,22.83008942661757
43129,4642,2,1,12.263059658234598
36419,34474,15,40,89.65938109228699
45513,38707,17,36,84.04603080438557
71707,65367,25,25,103.65846430613468
86970,65680,25,58,71.52029435437507
15647,15289,5,13,96.21202147376493
82851,24997,9,18,30.171029921183816
59861,14226,5,11,23.265055712400393
95211,56078,21,43,58.398656667821996
1146,806,0,0,70.33158813263525
5704,2239,1,2,39.2531556802244
88029,56080,22,33,69.2062786127299
61099,42897,15,30,70.20900505736591
52637,8918,3,5,17.442454927142503
71142,37990,18,31,55.900241769981164
82100,80078,28,24,113.53714981729598
97040,10483,5,13,9.302761747732895
5677,2729,1,1,48.57116434736656
54924,318,0,0,0.5789818658509941
91312,31156,13,15,39.62037848256527
90825,33645,16,47,29.543765483071844
8568,1764,1,1,21.088235294117645
67125,61634,25,24,104.81973929236499
18179,1360,1,1,7.981159579734859
82487,57229,20,52,63.37941736273595
24187,17698,8,4,79.17153842973498
8374,2873,1,1,34.808574158108435
76586,35724,18,26,51.6456010236858
28841,16122,7,17,54.39958739294754
21197,13359,5,8,64.02306930225976
49110,25697,11,17,54.82539197719405
59356,25567,12,16,47.07399420446122
38020,21002,10,6,62.23934771173067
14570,5930,3,9,39.20006863417982
12331,4765,2,4,38.642445868137216
27614,2193,1,1,8.441623814007388
79263,2409,1,2,3.039249082169486
12167,6347,2,5,51.66569409057286
17558,11359,4,4,66.69415650985306
88089,14912,7,17,15.428333844180319
80571,29121,10,5,43.64327735785829
49578,10861,4,7,22.406894186937755
1769,1149,0,0,64.951950254381
82778,25926,9,21,29.81991591968881
82849,28577,10,19,34.99287257540827
44769,9123,3,2,22.377940092474702
88332,31047,12,10,42.148077706833305
3099,2681,1,1,87.01177799290095
72512,32045,15,9,54.69268534863195
52356,25048,10,17,49.34169913667966
51821,32329,13,23,63.88590532795584
55997,28948,11,25,50.19562655142239
62335,48699,17,30,80.12464907355418
83867,32681,14,28,38.96765116195882
8426,1005,0,0,11.927367671492997
60159,19567,7,15,32.02547416014229
79926,1,0,0,0.0012511573205214823
2131,215,0,0,10.089160018770531
39506,36079,17,44,86.32536829848631
53446,1531,1,1,3.364573588294727
79376,25506,10,14,35.133138480145135
49266,23276,9,13,49.74556489262371
42493,18851,7,15,43.86260089897159
21976,13811,7,18,60.845831816527124
30003,20913,7,20,66.7030296970303
80840,74712,30,43,100.9195942602672
8654,7204,3,5,83.74474231569216
21710,170,0,0,0.783049286043298
17133,16316,8,19,93.7314247358898
96261,51206,20,44,51.19495953709186
6057,3532,1,3,57.81269605415222
85220,57422,25,68,58.38089650316827
26873,4826,2,4,17.958545752242028
13545,5574,2,2,42.15171650055371
5246,3907,1,2,74.47579107891727
80779,29674,11,31,32.23479493432699
76716,56147,20,20,83.18812242556963
79221,39045,13,20,52.28617412049835
40082,723,0,0,1.8038022054787686
10510,4340,2,2,42.294005708848715
36561,11895,4,3,35.034668088947235
82761,10950,5,4,16.23086961249864
12495,4241,1,2,33.94157663065226
16553,7831,4,11,45.808644958617776
10512,9593,3,6,91.2576103500761
70287,35957,17,42,47.157397527281006
17319,5788,2,4,33.41994341474681
85429,20369,8,7,28.34319142211661
83991,26619,10,20,31.69268135871701
38686,26312,13,33,64.51426872770512
30617,21892,8,22,68.50275990462815
1976,395,0,0,19.98987854251012
44578,16538,7,8,40.099017452555074
10906,7897,3,7,71.90968274344398
26639,14548,5,8,55.611659596831714
99821,8497,4,6,9.512236904058264
5706,5649,2,3,99.50105152471083
55461,33782,15,41,55.41127098321343
35471,14659,6,14,40.3267176002932
23217,10050,4,11,41.78724641426541
27843,18380,8,7,70.51300147254247
3682,994,0,0,26.99619771863118
71547,32719,11,21,46.23077836946343
18150,1526,1,1,8.90771349862259
93935,3488,1,3,3.2132059402778514
64822,41546,16,26,67.09243775261486
29685,7794,3,7,25.755684689236986
99030,92937,31,55,97.34731899424418
90941,78330,30,16,108.13276739864308
7362,4279,2,3,58.622792719369734
52063,48537,20,46,90.22743599101089
78264,70239,25,51,89.24624348359399
53817,26894,9,19,49.47305684077522
74014,51760,20,34,72.93271543221553
40121,32541,14,7,91.60715086862243
86230,5152,2,2,6.974718775368202
36052,11118,4,5,32.33878841673139
58831,2382,1,1,4.548885791504479
77466,53241,23,58,62.72821624970955
84379,52703,20,59,52.95985375508124
48291,38119,15,37,75.43603362945476
40870,2970,1,3,6.7669439686811845
80400,25333,12,8,39.508706467661696
49399,5951,2,4,12.04680256685358
75120,23612,9,10,35.432374866879655
17662,6731,2,5,37.61006681010078
2603,853,0,0,32.76988090664618
78281,38706,14,40,43.44494832718029
86135,56409,19,22,73.48905787426713
66689,36664,14,19,59.47758250985919
7106,72,0,0,1.0132282578103011
3028,45,0,0,1.486129458388375
74121,54245,20,56,65.18438769039813
83056,23937,8,5,34.32031400500867
80268,2514,1,1,3.632007773957243
33721,8261,4,10,23.498087245336734
81024,43053,15,24,56.13610781990522
8666,4105,2,1,48.86902838679899
19190,13796,6,8,73.89161021365294
21959,19448,9,8,93.56505305341773
34049,14787,6,9,44.928588211107524
88965,6515,3,2,9.323104591693362
48102,7340,3,3,16.759240780009147
36219,27969,11,10,83.2219001076783
82698,45697,20,59,45.757684587293525
44713,13130,5,10,29.365061615190214
40552,10700,4,4,28.38587492602091
56482,10796,4,7,19.614054034913774
68847,8631,3,4,13.536493964878643
66696,26666,9,11,43.48140818040062
78381,48226,21,12,76.52766614358072
90562,15043,7,18,14.610719727921204
66432,60579,23,34,97.18948699421965
48948,39029,19,38,79.73563781972706
28448,13029,6,15,44.299353205849265
51737,30032,11,31,53.54743220519164
63097,44513,19,21,79.04693567047562
59403,48406,24,72,69.487466962948
20877,9403,4,12,43.039996168031806
6015,4181,2,4,69.50955943474646
41052,4642,2,5,10.807609860664524
77067,52253,20,58,58.802042378709444
45432,37145,14,9,91.25955273815812
42590,25280,11,21,59.856656492134306
53494,42955,17,18,88.29872509066436
60072,33627,16,19,62.477826608070316
53264,23294,9,25,40.233103033944126
67839,29554,10,17,45.06491103937263
39900,16929,7,6,46.42857142857143
57271,11617,5,7,21.78426254125124
42328,30508,12,33,67.57522207522209
32881,28833,12,14,92.688938900885
27238,6416,3,8,22.555327116528378
4190,3889,2,3,93.31622911694511
16402,7890,4,2,51.103889769540295
18462,13833,6,17,72.4268768280793
95150,86159,30,84,78.55070940620074
35978,26654,10,5,81.58416254377676
11813,7113,3,3,61.71332430373318
17034,9703,3,6,56.96254549724081
82529,25379,11,33,25.251614583964425
51645,12657,5,6,26.50769677606738
52124,2459,1,1,5.217596500652291
66686,23569,8,20,33.34325045736736
93881,67691,28,76,62.10298143394297
65389,29136,12,15,49.05795317255196
43056,5221,2,5,11.626068376068377
11572,2728,1,2,23.574144486692017
8755,5569,2,4,63.60936607652769
15408,12190,5,8,80.1147455867082
11872,5489,2,2,47.23483827493261
66235,48915,24,19,88.35068317354873
21297,15817,6,14,73.26867633939052
50646,39000,18,45,72.50509418315366
76397,20145,7,20,23.36883647263636
99489,35057,16,17,42.73706138367056
61958,39200,14,10,72.26866587042835
34669,12280,4,6,36.42069283798206
64336,26900,12,24,41.81173837353892
32959,9713,4,2,32.469947510543406
10612,6864,3,3,66.18149264983037
38836,17964,8,6,51.25605108662066
94799,18197,6,12,19.19535016192154
22147,19815,9,23,86.97035715898316
69684,5471,3,3,9.35115665002009
76229,15568,6,11,20.922673785567174
53852,40583,14,36,71.36024660179753
40249,35473,12,14,93.13386667991752
53403,6382,3,6,11.95063947718293
40251,32395,15,19,85.98247248515565
92152,57708,29,79,52.122623491622534
18524,15116,6,12,81.60224573526236
53604,26978,10,8,56.32833370643982
10708,5008,2,6,45.768771012327235
28709,16990,6,8,61.18004806854994
63779,44965,18,23,77.00126217093401
20790,2590,1,2,12.457912457912457
68536,13666,7,13,20.43988560756391
66431,25206,9,25,34.4431289608767
69376,57036,19,12,95.21286900369003
25319,1811,1,1,7.652731150519372
98661,93110,45,63,107.87366335228711
35874,29534,14,12,90.32703350616045
80836,50925,21,44,61.99792171804641
67987,54489,26,21,95.64620442143351
93071,7448,3,8,7.002492720611146
67042,14016,6,9,22.40629754482265
43432,27920,11,22,64.28439860011052
94309,64252,28,28,82.12923474959972
57787,39297,17,49,60.50318410715212
46113,45756,21,59,90.72581484613883
49173,17657,8,22,32.907916946291664
2743,178,0,0,6.489245351804594
59647,58994,24,25,110.40522574479856
81158,62296,29,38,86.75891470957885
59038,26259,10,26,41.47813272807345
67932,10140,4,10,13.926691397279633
30309,5669,2,3,19.204015308984133
56200,21872,10,11,43.41814946619217
61113,43208,16,24,74.70181467118289
84646,29509,11,28,31.861659145145666
95047,17404,8,22,15.310940902921711
85084,78227,28,24,107.94090545813549
79089,76776,26,13,116.57544664871222
46516,33955,12,28,70.99638833949608
45189,33908,13,13,81.53596007878023
55946,26570,12,30,44.49222464519357
58287,25827,9,26,40.31005198414741
5711,319,0,0,5.585711784275959
13518,5728,3,3,43.87313212013611
38598,15178,6,5,42.82328099901549
49263,35968,18,51,65.51219982542679
76136,59700,27,40,85.41231480508563
25892,19987,8,17,76.69372779236829
38266,18505,6,12,48.35885642607014
27633,12984,5,5,49.487297796113346
21939,16854,6,13,76.32209763434979
48722,44243,22,38,93.80702762612371
39947,17789,9,14,46.531504243122136
8623,8176,3,8,93.81618926127797
82513,21616,9,6,32.19708409583944
24647,9098,3,2,38.91321459001095
72719,20724,9,10,32.498741731872
48896,37595,19,19,86.38767997382199
82125,65844,26,19,96.67534246575343
81747,77282,38,53,106.0380258602762
22857,4065,2,6,16.784486153038458
30191,7948,3,3,27.82572620979762
46769,569,0,0,1.2166178451538412
85591,53352,26,68,54.333656576041875
99223,98102,40,34,121.87022162200296
21289,4430,2,3,21.308868429705484
91547,44749,19,46,44.88090270571399
6090,5276,2,4,86.63382594417078
92438,75624,28,38,90.8105108288799
48859,46029,16,32,94.20782250967069
80415,12070,5,10,15.00963750544053
27191,9203,4,11,32.34575778750322
44846,6906,3,4,16.399366721669715
17145,14693,5,15,83.19845435987169
99567,49140,18,46,44.353701527614575
51104,6734,3,2,15.177050720100187
14770,8964,3,2,62.69058903182126
94883,39069,15,32,40.1759746213758
96184,3525,1,2,3.664850702819596
45755,22255,10,24,46.639492951589986
10613,3855,1,1,36.82337699048337
42186,10879,4,6,26.788176172189825
25751,24085,10,29,89.03034833598696
55669,2015,1,2,3.6196087589142962
98428,14797,6,11,15.533323850936725
82029,67147,27,56,80.85763571419864
9231,1739,1,2,18.838695699274183
1037,509,0,0,49.08389585342334
80326,70421,24,36,93.6689988297687
57770,46857,17,27,84.60957244244418
54909,40901,17,22,80.4886994846018
45568,7993,3,3,19.040818117977526
99841,25516,11,31,21.056635049729067
83357,42354,14,36,46.81036985496118
77927,56158,21,19,83.56488123500199
66106,26116,10,20,39.50624754182677
2469,1286,1,3,51.58586472255974
22991,10042,4,12,41.67796094123788
33279,23388,8,6,75.27855404309024
9510,1516,1,2,15.941114616193481
72451,70085,33,76,91.73434459151702
54090,14889,7,13,28.026344980587908
92152,18766,6,14,19.364180918482507
71986,67517,26,48,95.79184841496958
49799,48308,17,41,93.50596397518022
43464,2891,1,2,6.651481685993006
76627,55998,21,31,78.57867983869916
94119,28636,11,6,38.425312636130855
95099,38843,16,15,49.344803836002484
53432,36803,14,12,76.87820032939062
31309,10059,4,10,31.12814206777604
84316,34869,17,21,47.85514018691589
7326,1553,1,3,20.698471198471196
76450,20960,8,15,27.9166121648136
31381,13903,6,12,44.303878142825276
56757,37163,15,24,68.47738604929788
65333,38199,17,19,65.9681554497727
22207,10735,4,5,49.840613320124284
85431,67696,24,59,73.74055670658193
90512,74581,36,72,82.39901891461905
84660,13183,5,10,15.571698558941648
91049,60111,22,39,68.52049445902756
11508,9815,4,5,86.7884949600278
28831,23282,8,13,82.2533557628941
65491,37176,18,39,55.265051686491276
96684,82196,34,82,78.01510074055686
67249,41197,19,32,64.2603904890779
78437,50062,19,39,63.32447059423487
81182,20260,9,11,28.456271094577616
63646,33709,15,38,48.96326556264336
46674,38774,13,24,84.07408835754381
49583,11364,4,3,25.41914567492891
72838,2107,1,2,2.8927208325324694
77136,31138,15,41,34.867662310723915
45191,25242,12,33,51.35625456396184
78833,29373,15,10,47.259776996942904
52998,36429,17,21,75.23655609645647
55350,3205,1,1,6.290424570912376
33949,19622,8,17,57.298462399481565
1560,706,0,0,45.256410256410255
69226,48789,17,27,73.97785514113194
74832,42377,15,31,56.129516784263416
38417,1168,0,0,3.0403206913605954
67179,12484,5,11,18.083188198693044
79807,31702,12,25,39.22333253975215
94870,50969,20,55,46.22509750184463
59629,43771,19,16,84.40555769843533
50775,44866,20,19,98.86238306253077
64616,28265,10,14,46.74303578061161
59975,51234,17,13,95.92559399749896
72732,21440,8,6,34.478083924544904
97316,53406,22,34,59.87895104607671
4601,34,0,0,0.7389697891762661
50111,23383,11,21,47.16240945101874
35971,30646,13,27,84.69640821773095
33970,28036,13,23,84.03164556962025
30321,18474,9,8,65.92806965469477
74647,73979,29,39,108.60512143823595
11067,5055,2,2,46.67633505014909
11765,9943,5,6,86.51338716532086
82792,49642,25,21,74.45989950719877
18031,17628,7,14,97.76496034607065
51130,8279,3,4,17.192059456287893
74840,3112,1,1,4.65820416889364
10526,6355,3,7,59.874311229336875
2732,163,0,0,5.966325036603221
90530,14337,6,13,15.33673920247432
70227,9174,4,10,12.06335170233671
34699,10561,5,12,29.436035620623073
30680,5396,2,5,17.088005215123857
65726,7444,4,9,10.825807138727445
2709,161,0,0,5.943152454780361
30373,1108,0,0,3.647976821519112
70659,65470,22,16,106.65627874722257
30061,24561,12,30,78.70386880010645
69511,60127,26,63,80.99997842068161
27147,22010,9,27,76.57709875861052
80228,5734,2,3,7.647130677568928
17735,7666,3,6,43.22526078376092
21140,9030,4,10,41.71523178807947
46203,45982,18,17,109.02167608163973
41187,5864,3,5,14.737502124456746
79016,5786,3,3,8.822567581249366
89254,23170,8,6,30.959620857328524
87230,13922,6,16,13.960105468302189
81118,80743,30,69,95.0377104958209
91478,75005,34,90,70.99239161328407
28686,14634,7,19,48.514432127170046
79801,60124,21,19,86.84241425546045
38434,5370,2,2,14.97200395483166
86591,25664,11,32,24.638184106893327
31225,26148,12,36,77.74059247397918
26915,17513,6,6,68.06780605610255
29092,12071,5,10,41.492506531005084
87312,49382,22,37,60.05809052593
89417,36051,14,16,46.31783665298545
24162,4719,2,2,20.53066799106034
72942,37230,17,17,59.54055276795262
82787,71808,35,51,96.23825600637781
99750,79028,35,100,64.22606516290726
30404,22129,7,17,71.2831864228391
61501,8475,3,8,12.780263735549013
67061,58294,23,42,88.92682781348324
68182,16438,7,12,25.10900237599366
70218,26478,13,38,31.708279928223533
86602,64498,22,54,69.4763400383363
97536,96162,35,42,112.59128937007875
9508,926,0,0,9.739167017248633
39396,35965,18,19,99.79099400954412
91758,87507,31,71,90.86716144641339
93627,4672,2,3,5.490013564463243
65103,61746,26,76,82.8435555965163
74730,48869,24,56,61.394085374013116
18395,9062,4,7,49.76338678988856
93424,20773,10,11,26.735185819489644
11165,7243,3,3,66.37236901030005
85259,83605,32,90,85.06002885325887
30289,28238,13,32,90.22856482551421
40991,20509,10,27,46.53293405869581
98702,17478,8,13,19.207847865291484
97771,87060,31,62,89.04480878788189
90496,23000,8,17,24.915487977369168
65514,58374,26,66,82.10156607747962
45789,20307,8,10,47.34907947323593
2243,1244,1,2,55.461435577351764
48567,28692,13,9,67.5771511520168
28427,16281,6,4,61.27301509128646
4096,1243,0,0,30.3466796875
71397,30991,12,18,46.40658571088421
15155,9456,4,3,64.89524909270867
97549,48534,24,41,53.25345723687582
57296,47610,20,53,76.59480592013404
70981,31760,16,47,37.24436821121145
21455,7748,4,4,38.11279422046143
96518,44710,16,35,44.82296566443565
18537,17159,8,22,89.5662189135243
30599,19158,7,10,64.60988921206575
96320,89894,42,98,86.32848837209303
6228,2620,1,2,42.06807964033398
21155,10369,5,8,50.014417395414796
16826,11336,4,11,65.87192440271009
37154,34913,16,29,95.46834795715131
68461,16348,6,17,21.379288938227603
25673,5211,2,6,19.297588906633425
61309,59395,25,70,86.87810924986543
16832,759,0,0,4.509268060836502
47285,2335,1,3,4.438141059532621
80335,80289,28,62,96.94273977718305
50597,4882,2,3,10.148793406723719
22925,9419,4,5,42.586150490730645
67996,59265,24,66,78.15953879639979
37549,7911,4,12,19.068470531838397
96196,70386,28,46,78.16936255145744
24074,7897,3,9,31.303024009304643
30764,5230,2,5,16.500390066311272
54953,33709,15,21,65.84151001765144
95881,45413,20,16,59.36391985899188
90339,27929,11,23,30.41577281129966
73824,47892,16,28,66.87321196358907
31138,8741,3,6,28.07180936476331
15957,1416,1,2,8.873848467757098
75659,72562,36,18,122.90663371178579
85115,782,0,0,0.9187569758561945
22828,5440,2,4,23.830383739267567
22148,19150,7,5,90.96378905544519
91391,45671,20,40,49.973192108632134
77102,8266,3,8,9.720863272029261
13901,9900,4,8,71.21789799295016
19338,11784,5,7,62.43701520322681
39510,24265,9,18,61.414831688180215
18558,4610,2,2,25.841038905054422
13162,7338,4,9,55.25140556146482
46044,8393,4,8,18.228216488576145
65195,1594,1,3,1.944972773985735
23602,8338,4,7,35.827514617405306
1024,126,0,0,12.3046875
29986,24640,8,9,85.6716801173881
39874,26049,11,17,67.82828409489893
26352,17837,7,11,69.18746205221616
98080,19976,7,9,22.86704730831974
55218,52233,24,47,95.09415408019125
18657,2899,1,3,15.038403816261994
88919,9897,3,3,12.63035459238183
18529,14375,5,3,81.08108910356738
90186,87338,36,57,104.3420819195884
72204,17946,8,17,24.354578693701185
91123,8355,3,3,10.668925518255545
42672,40759,17,37,94.01696662917135
79452,20671,7,9,28.51696621859739
21160,6491,2,3,31.17580340264651
22326,5067,2,3,23.195511959150767
20016,223,0,0,1.1141087130295764
78812,20642,9,8,31.191442927472977
64426,49286,23,51,74.00017073852172
53856,32600,11,24,59.53178847296495
55374,23686,9,10,46.77458735146458
7731,7091,3,7,91.22164015004527
86105,76305,32,49,96.11854712269904
95691,36356,14,14,44.993123700243494
6428,2871,1,2,44.66397013067828
98305,85175,30,15,109.14360917552516
42350,38658,14,27,91.78217237308147
7490,4613,2,4,61.588785046728965
64477,47086,19,43,70.52759123408347
60180,551,0,0,0.915586573612496
72346,67315,25,48,94.04591822630138
87021,48929,22,43,56.726657933142576
9134,2759,1,1,30.705824392380116
20887,9963,4,9,47.199526020969984
83942,30060,10,28,31.810440542279196
66085,51807,23,12,95.39449194219566
66705,17218,7,9,28.31215800914474
98365,39466,13,30,38.12199461190464
71355,39479,19,22,63.3275874150375
57954,35833,14,33,59.33007212616903
85604,55284,23,46,64.58109434138592
44300,29469,10,20,66.52144469525959
5734,5706,2,3,100.01168468782699
31941,24262,10,22,74.95879903572211
82776,2940,1,2,3.5517541316323573
51629,2229,1,2,4.3173410292664975
61094,35568,17,47,51.71848299341997
33843,4889,2,1,15.946118842892176
67257,7955,4,2,14.827765139688061
23489,7684,3,7,32.21318489505726
11391,5246,2,1,47.55390220349399
72104,35545,12,10,56.29684899589482
99355,31374,11,29,28.077676010266217
52971,52014,21,31,103.69335107889222
51647,13711,7,20,23.5475245415997
75538,68887,29,36,102.1951600518944
97704,11880,5,4,15.159174649963155
35956,348,0,0,0.9678495939481588
1701,1225,0,0,72.01646090534979
35968,20279,7,19,53.880671708185055
67000,7690,3,6,11.477611940298507
28165,15283,5,14,52.262382389490504
1611,9,0,0,0.5586592178770949
43764,28182,13,24,65.3953934740883
82597,22343,8,20,25.05061927188639
73812,31385,13,11,50.020186419552374
58243,31794,15,12,63.58853424445857
57759,19503,7,4,38.766166311743625
28192,19629,7,11,71.12613507377979
21744,21049,9,27,92.30371596762325
69306,45130,21,60,56.117017285660694
79071,31854,12,32,36.28531319952953
67363,65135,28,46,101.69254635333937
14826,4647,2,5,30.843585592877375
99607,95606,38,84,91.98321403114238
64411,63402,27,21,114.9334973839872
81626,9338,4,4,13.439982358562222
15727,12620,5,15,77.74416608380491
35573,25631,12,34,67.05183706743878
99662,13849,6,3,18.395968373101084
30325,23504,11,23,77.00700741962078
99903,19366,8,21,16.884803259161387
28179,1159,0,0,4.112991944355725
16439,4601,2,4,27.98832045744875
52063,50496,20,49,92.4901849682116
63396,19812,7,5,35.75118303993943
16792,14654,5,7,88.76774654597428
53476,35956,14,24,69.23763931483282
72815,24527,9,8,38.68399368262034
53907,15336,8,17,27.948995492236627
26440,9381,5,12,34.4803328290469
9098,5200,2,3,57.65541877335678
86906,39078,15,30,44.9658251444089
14345,4910,2,2,35.227953990937614
98674,66387,28,75,57.77912114640128
34317,33858,16,16,106.6624704956727
13938,10775,4,7,77.80664370784905
34627,649,0,0,1.874259970543218
75812,11724,4,7,15.96457025273044
90704,14464,6,7,18.446375022049743
52777,44325,17,26,87.98544820660516
78679,25102,9,19,31.40432008541034
87694,66491,31,18,97.82160695144479
15164,7134,3,8,46.04563439725666
90060,74092,34,88,72.26959804574727
93538,11454,6,15,10.745290684000086
7879,1822,1,3,22.624762025637768
80767,64751,22,17,93.67011898423861
97821,42547,21,48,40.49475061592091
49965,26489,11,14,57.01511057740419
94881,1409,1,1,1.9850180752732371
1505,1316,0,0,87.44186046511628
72229,27589,10,10,43.19656924504008
13128,9487,4,3,74.76538695917124
35140,7993,3,8,21.746158224245875
53317,1488,1,1,3.290854699251646
39384,7397,3,6,18.781738777168396
28807,6193,2,4,21.49824695386538
61524,58287,25,67,86.23863858006631
94660,1412,0,0,1.49165434185506
35203,13372,6,13,37.485398971678556
4025,818,0,0,20.322981366459626
54863,49216,17,50,81.70708856606456
56145,51396,18,16,101.54154421586962
69430,4676,2,2,7.734840846896155
3148,2758,1,1,88.11118170266836
21522,15241,6,13,70.31590930210947
61255,48158,18,30,81.61888825402009
76165,22646,9,17,30.232816910654506
36618,29462,14,30,79.45769839969414
50463,19397,9,25,34.93806353169649
49812,18404,6,7,39.44692042078214
79819,62959,22,17,92.37720968691664
99697,76356,27,33,87.08806182733683
56884,40096,15,34,68.48730750298853
18628,1832,1,1,10.334657504831437
87583,82245,31,44,102.90520991516618
45277,861,0,0,1.9016277580228373
22359,6118,2,2,28.362583299789794
51492,9860,4,6,20.14860560863824
16262,14214,5,3,90.90622309679006
67628,18447,7,17,25.77716330513988
62602,27678,11,26,42.2126449634197
51888,36797,15,38,66.91620413197657
24089,15610,5,5,67.30136161733571
10358,4549,2,1,45.41774473836648
96831,32853,13,17,38.42818415590049
41408,30014,11,31,67.98357805255023
4015,1345,1,1,33.999377334993774
80966,33990,17,46,35.98058444285256
52988,15824,6,7,32.36336529025439
6811,1330,1,3,19.027235354573484
8958,689,0,0,7.691448984148248
59100,6174,2,4,10.446700507614214
25408,12350,4,2,51.606738035264485
34912,25292,9,13,74.94500458295143
85361,53931,21,51,58.67990651468469
68151,37157,14,30,53.52157708617628
88106,69815,35,33,97.739779356684
58344,53045,21,61,81.41766077060194
45889,1997,1,1,4.851805443570354
61319,46559,23,27,85.42915735742591
19070,9192,4,7,48.701363398007345
94795,18084,7,15,18.576955535629516
42080,7067,3,5,17.294201520912548
96262,3012,1,1,3.628960545178783
64434,7792,3,3,13.592994381848092
62953,29521,15,28,47.89371435833082
45913,18257,7,5,44.2643368980463
73746,20522,7,4,32.82794999050796
65720,36320,15,34,53.26475958612295
44927,11752,4,8,26.157989627618136
29693,9350,4,6,32.48890310847675
83725,43492,16,21,57.446252612720215
74650,65806,27,37,96.65271265907569
71687,69647,27,17,115.65429575794775
43933,15778,7,20,32.91377779801061
41925,9197,3,4,22.93679189028026
37593,1803,1,2,4.796105657968239
25492,4298,2,6,15.86019143260631
2531,2216,1,3,87.05432635322008
58181,6618,3,5,11.87484745879239
73908,6946,2,1,10.8981706987065
93398,82816,29,55,90.16999293346753
